Name,Species,Study_accession,Project_link,PMID,Treatment_type,Drug,Sample_accession,Biological_type,Ribo_type,Trim_arg,S_P_type
Arango_2018,HS,GSE102113,https://www.ncbi.nlm.nih.gov/geo/query/acc.cgi?acc=GSE102113,30449621,post-lysis,cycloheximide,GSM2724036; GSM2724037; GSM2724038; GSM2724039,Cells_HeLa,monosome,,single
Woo_2018,MM,GSE103667,https://www.ncbi.nlm.nih.gov/geo/query/acc.cgi?acc=GSE103667,29576526,pre-lysis,cycloheximide,GSM2778762; GSM2778763; GSM2778764; GSM2778765,Cells_NIH3T3,monosome,--clip_R1 4 --three_prime_clip_R1 4,single
Woo_2018,HS,GSE103719,https://www.ncbi.nlm.nih.gov/geo/query/acc.cgi?acc=GSE103719,30257221,pre-lysis,cycloheximide,GSM2779669; GSM2779670; GSM2779671; GSM2779672; GSM2779673; GSM2779674; GSM2779675; GSM2779676,Cells_HEK293,monosome,,single
Murat_2018,HS,GSE105082,https://www.ncbi.nlm.nih.gov/geo/query/acc.cgi?acc=GSE105082,30591072,pre-lysis,cycloheximide,GSM2817679; GSM2817680; GSM2817681; GSM2817682; GSM2817683; GSM2817684; GSM2817685; GSM2817686; GSM2817687; GSM2817688; GSM2817689,Cells_HeLa,monosome,,single
Xu_2019,MM,GSE105147,https://www.ncbi.nlm.nih.gov/geo/query/acc.cgi?acc=GSE105147,30643286,pre-lysis,cycloheximide,GSM2823256; GSM2823257; GSM2823258; GSM2823261; GSM2823262; GSM2823265; GSM2823266,Tissue_liver,monosome,,single
Sauer_2019,HS,GSE105172,https://www.ncbi.nlm.nih.gov/geo/query/acc.cgi?acc=GSE105172,31160600,pre-lysis,cycloheximide,GSM2824214; GSM2824215; GSM2824216; GSM2824217; GSM2824218; GSM2824219,Cells_HEK293,monosome,,single
Kampen_2019,MM,GSE106529,https://www.ncbi.nlm.nih.gov/geo/query/acc.cgi?acc=GSE106529,31186416,pre-lysis,cycloheximide,GSM2840012; GSM2840013; GSM2840014; GSM2840015; GSM2840016; GSM2840017,Cells_LBa,monosome,,single
Huang_2019,HS,GSE110323,https://www.ncbi.nlm.nih.gov/geo/query/acc.cgi?acc=GSE110323,30867593,pre-lysis,cycloheximide,GSM3450413; GSM3450414; GSM3450415; GSM3450416; GSM3450417; GSM3450418; GSM3450419; GSM3450420; GSM3450421; GSM3450422; GSM3450423; GSM3450424,Cells_HepG2,monosome,,single
Lintner_2018,RN,GSE110426,https://www.ncbi.nlm.nih.gov/geo/query/acc.cgi?acc=GSE110426,29878763,pre-lysis,cycloheximide,GSM2991177; GSM2991178; GSM2991179; GSM2991180; GSM2991181; GSM2991182; GSM2991183; GSM2991184; GSM2991185,Cells_IEC6,monosome,,single
Lauria_2018,HS,GSE111866,https://www.ncbi.nlm.nih.gov/geo/query/acc.cgi?acc=GSE111866,30102689,pre-lysis,cycloheximide,GSM3042964,Cells_MCF-7,monosome,,single
Zhang_2019,HS,GSE112276,https://www.ncbi.nlm.nih.gov/geo/query/acc.cgi?acc=GSE112276,31031084,pre-lysis,cycloheximide,GSM3069552; GSM3069553; GSM3069554; GSM3069555,Cells_HeLa,monosome,,single
Clamer_2018,HS,GSE112353,https://www.ncbi.nlm.nih.gov/geo/query/acc.cgi?acc=GSE112353,30355487,pre-lysis,cycloheximide,GSM3068264; GSM3068265; GSM3068266; GSM3068267,Cells_HEK293,monosome,,single
Han_2019,MM,GSE115106,https://www.ncbi.nlm.nih.gov/geo/query/acc.cgi?acc=GSE115106,30728504,pre-lysis,cycloheximide,GSM3165346; GSM3165347; GSM3165348; GSM3165349; GSM3165350; GSM3165351; GSM3165352; GSM3165353; GSM3450270; GSM3450271; GSM3450272; GSM3450273; GSM3450274; GSM3450275; GSM3450276; GSM3450277,Cells_DC,monosome,,single
Oldfield_2019,MM,GSE115110,https://www.ncbi.nlm.nih.gov/geo/query/acc.cgi?acc=GSE115110,31296853,pre-lysis,cycloheximide,GSM3165432; GSM3165433; GSM3165434; GSM3165435,Cells_mESCs,monosome,,single
Zhang_2018,HS,GSE115146,https://www.ncbi.nlm.nih.gov/geo/query/acc.cgi?acc=GSE115146,30297778,n/a,n/a,GSM3168232; GSM3168233; GSM3168234; GSM3168235; GSM3168236; GSM3168237,Cells_HeLa,monosome,,single
Avolio_2018,HS,GSE118050,https://www.ncbi.nlm.nih.gov/geo/query/acc.cgi?acc=GSE118050,30260431,pre-lysis,cycloheximide,GSM3316956; GSM3316957; GSM3316958; GSM3316959; GSM3316960; GSM3316961,Cells_HeLa,monosome,,single
Zhang_2019,MM,GSE119365,https://www.ncbi.nlm.nih.gov/geo/query/acc.cgi?acc=GSE119365,31033440,pre-lysis,cycloheximide,GSM3371790; GSM3371791; GSM3371792; GSM3371793; GSM3371794; GSM3371795; GSM3371796; GSM3371797,Cells_E14.5,monosome,,single
Xi_2019,HS,GSE122461,https://www.ncbi.nlm.nih.gov/geo/query/acc.cgi?acc=GSE122461,30640896,pre-lysis,cycloheximide,GSM3466808; GSM3466809,Cells_HepG2,monosome,,single
Oconnell_2019,HS,GSE123564,https://www.ncbi.nlm.nih.gov/geo/query/acc.cgi?acc=GSE123564,30707697,pre-lysis,cycloheximide,GSM3507221; GSM3507222; GSM3507223; GSM3507224; GSM3507225; GSM3507226; GSM3507227; GSM3507228; GSM3507229; GSM3507230,Cells_Fibroblasts,monosome,,single
Siang_2020,MM,GSE124280,https://www.ncbi.nlm.nih.gov/geo/query/acc.cgi?acc=GSE124280,31924774,n/a,n/a,GSM3526847; GSM3526848; GSM3526849; GSM3526850,Tissue_WAT,monosome,,single
Martinez_2019,HS,GSE125218,https://www.ncbi.nlm.nih.gov/geo/query/acc.cgi?acc=GSE125218,31819274,pre-lysis,cycloheximide,GSM3566410; GSM3566411; GSM3566412,Cells_K562,monosome,,single
Martinez_2019,HS,GSE125218,https://www.ncbi.nlm.nih.gov/geo/query/acc.cgi?acc=GSE125218,31819274,pre-lysis,harringtonine,GSM3566420; GSM3566421,Cells_K562,monosome,,single
Martinez_2019,HS,GSE125218,https://www.ncbi.nlm.nih.gov/geo/query/acc.cgi?acc=GSE125218,31819274,pre-lysis,cycloheximide,GSM3566406; GSM3566407; GSM3566408; GSM3566409,Cells_HeLa-S3,monosome,,single
Martinez_2019,HS,GSE125218,https://www.ncbi.nlm.nih.gov/geo/query/acc.cgi?acc=GSE125218,31819274,pre-lysis,harringtonine,GSM3566416; GSM3566417,Cells_HeLa-S3,monosome,,single
Martinez_2019,HS,GSE125218,https://www.ncbi.nlm.nih.gov/geo/query/acc.cgi?acc=GSE125218,31819274,pre-lysis,lactimidomycin,GSM3566418; GSM3566419,Cells_HeLa-S3,monosome,,single
Martinez_2019,HS,GSE125218,https://www.ncbi.nlm.nih.gov/geo/query/acc.cgi?acc=GSE125218,31819274,pre-lysis,cycloheximide,GSM3566397; GSM3566398; GSM3566399; GSM3566400; GSM3566401; GSM3566402; GSM3566403; GSM3566404; GSM3566405,Cells_HEK293,monosome,,single
Martinez_2019,HS,GSE125218,https://www.ncbi.nlm.nih.gov/geo/query/acc.cgi?acc=GSE125218,31819274,pre-lysis,harringtonine,GSM3566413,Cells_HEK293,monosome,,single
Martinez_2019,HS,GSE125218,https://www.ncbi.nlm.nih.gov/geo/query/acc.cgi?acc=GSE125218,31819274,pre-lysis,lactimidomycin,GSM3566414; GSM3566415,Cells_HEK293,monosome,,single
Kim_2019,MM,GSE129816,https://www.ncbi.nlm.nih.gov/geo/query/acc.cgi?acc=GSE129816,31483294,pre-lysis,cycloheximide,GSM3722550; GSM3722551; GSM3722552; GSM3722553; GSM3722554; GSM3722555; GSM3722556; GSM3722557; GSM3722558,Cells_NIH3T3,monosome,,single
Kim_2019,MM,GSE129818,https://www.ncbi.nlm.nih.gov/geo/query/acc.cgi?acc=GSE129818,31483294,pre-lysis,cycloheximide,GSM3722574; GSM3722575; GSM3722576; GSM3722577; GSM3722578; GSM3722579; GSM3722580; GSM3722581; GSM3722582,Cells_Neurons,monosome,,single
Holmes_2019,HS,GSE129869,https://www.ncbi.nlm.nih.gov/geo/query/acc.cgi?acc=GSE129869,31167946,pre-lysis,cycloheximide,GSM3723762; GSM3723763; GSM3723764; GSM3723765; GSM3723766; GSM3723767; GSM3723750; GSM3723751; GSM3723752; GSM3723753; GSM3723754; GSM3723755,Cells_HFF,monosome,,single
Lyabin_2020,HS,GSE130781,https://www.ncbi.nlm.nih.gov/geo/query/acc.cgi?acc=GSE130781,,pre-lysis,cycloheximide,GSM3753501; GSM3753502; GSM3753503; GSM3753506; GSM3753507; GSM3753510; GSM3753511; GSM3753514; GSM3753515; GSM3753516; GSM3753519; GSM3753520,Cells_HEK293T,monosome,,single
Welte_2019,MM,GSE130898,https://www.ncbi.nlm.nih.gov/geo/query/acc.cgi?acc=GSE130898,31371437,pre-lysis,cycloheximide,GSM3755940; GSM3755941; GSM3755942; GSM3755943; GSM3755944; GSM3755945; GSM3755946; GSM3755947,Cells_mESCs,monosome,,single
Chothani_2019,HS,GSE131112,https://www.ncbi.nlm.nih.gov/geo/query/acc.cgi?acc=GSE131112,31284728,pre-lysis,cycloheximide,GSM3490775; GSM3490776; GSM3490777; GSM3490778; GSM3490779; GSM3490780; GSM3490781; GSM3490782; GSM3490783; GSM3490784; GSM3490785; GSM3490786; GSM3490787; GSM3490788; GSM3490789; GSM3490790; GSM3490791; GSM3490792; GSM3490793; GSM3490794,Cells_Fibroblasts,monosome,,single
Basak_2020,HS,GSE131809,https://www.ncbi.nlm.nih.gov/geo/query/acc.cgi?acc=GSE131809,31959994,pre-lysis,cycloheximide,GSM3820024; GSM3820025; GSM3820026; GSM3820027; GSM3820028; GSM3820029; GSM3820030; GSM3820031,Tissue_erythroids,monosome,,single
Chang_2019,HS,GSE132725,https://www.ncbi.nlm.nih.gov/geo/query/acc.cgi?acc=GSE132725,31340047,pre-lysis,cycloheximide,GSM3890768; GSM3890769; GSM3890770; GSM3890771,Cells_HEK293T,monosome,,single
Campos_2020,HS,GSE133111,https://www.ncbi.nlm.nih.gov/geo/query/acc.cgi?acc=GSE133111,,post-lysis,cycloheximide,GSM3900208; GSM3900209; GSM3900210; GSM3900211; GSM3900212; GSM3900213,Cells_A549,monosome,,single
Groenke_2020,HS,GSE134752,https://www.ncbi.nlm.nih.gov/geo/query/acc.cgi?acc=GSE134752,,pre-lysis,cycloheximide,GSM3966949; GSM3966950; GSM3966951; GSM3966952; GSM3966953; GSM3966954,Cells_HEK293,monosome,,single
Gonatopoulos_2020,MM,GSE141599,https://www.ncbi.nlm.nih.gov/geo/query/acc.cgi?acc=GSE141599,31999954,pre-lysis,cycloheximide,GSM4209393; GSM4209394; GSM4209395; GSM4209396,Cells_mESCs,monosome,,single
Muller_2020,MM,GSE142802,https://www.ncbi.nlm.nih.gov/geo/query/acc.cgi?acc=GSE142802,,pre-lysis,cycloheximide,GSM4240282; GSM4240283; GSM4240284,Cells_P19,monosome,,single
Guo_2010,HS,GSE22004,https://www.ncbi.nlm.nih.gov/geo/query/acc.cgi?acc=GSE22004,20703300,pre-lysis,cycloheximide,GSM546920; GSM546922; GSM546924; GSM546926; GSM546928; GSM546930,Cells_HeLa,monosome,,single
Guo_2010,MM,GSE22004,https://www.ncbi.nlm.nih.gov/geo/query/acc.cgi?acc=GSE22004,20703300,pre-lysis,cycloheximide,GSM546987; GSM546989,Cells_neutrophils,monosome,,single
Ingolia_2011,MM,GSE30839,https://www.ncbi.nlm.nih.gov/geo/query/acc.cgi?acc=GSE30839,22056041,pre-lysis,cycloheximide,GSM765290; GSM765291,Embryoid_Body,monosome,,single
Ingolia_2011,MM,GSE30839,https://www.ncbi.nlm.nih.gov/geo/query/acc.cgi?acc=GSE30839,22056041,pre-lysis,cycloheximide,GSM765292; GSM765299; GSM765300; GSM765301; GSM765302,Cells_mESC,monosome,,single
Ingolia_2011,MM,GSE30839,https://www.ncbi.nlm.nih.gov/geo/query/acc.cgi?acc=GSE30839,22056041,pre-lysis,emetine,GSM765293,Cells_mESC,monosome,,single
Ingolia_2011,MM,GSE30839,https://www.ncbi.nlm.nih.gov/geo/query/acc.cgi?acc=GSE30839,22056041,pre-lysis,harringtonine,GSM765294; GSM765295; GSM765296; GSM765297,Cells_mESC,monosome,,single
Ingolia_2011,MM,GSE30839,https://www.ncbi.nlm.nih.gov/geo/query/acc.cgi?acc=GSE30839,22056041,n/a,n/a,GSM765298,Cells_mESC,monosome,,single
Brar_2012,SC,GSE34082,https://www.ncbi.nlm.nih.gov/geo/query/acc.cgi?acc=GSE34082,22194413,pre-lysis,cycloheximide,GSM843747; GSM843748; GSM843749; GSM843750; GSM843751; GSM843752; GSM843753; GSM843754; GSM843755; GSM843756; GSM843757; GSM843758; GSM843759; GSM843760; GSM843761; GSM843762; GSM843763; GSM843764; GSM843765; GSM843766; GSM843767; GSM843768; GSM843769; GSM843770; GSM843771; GSM843772; GSM843773; GSM843774; GSM843775; GSM843776; GSM843777; GSM843778; GSM843779; GSM843780; GSM843781; GSM843782; GSM843783,Cells,monosome,,single
Bazzini_2012,DR,GSE34743,https://www.ncbi.nlm.nih.gov/geo/query/acc.cgi?acc=GSE34743,22422859,pre-lysis,cycloheximide,GSM854432; GSM854433; GSM854434; GSM854435; GSM854436; GSM854437; GSM854438; GSM854439; GSM854440; GSM854441; GSM854442; GSM854443,Tissue_Embryos,monosome,,single
Thoreen_2012,MM,GSE36892,https://www.ncbi.nlm.nih.gov/geo/query/acc.cgi?acc=GSE36892,22552098,pre-lysis,cycloheximide,GSM904893; GSM904894; GSM904897; GSM904898; GSM904901; GSM904902; GSM904903; GSM904904,Cells_MEF,monosome,,single
Ingolia_2012,HS,GSE37744,https://www.ncbi.nlm.nih.gov/geo/query/acc.cgi?acc=GSE37744,22836135,pre-lysis,cycloheximide,GSM926674; GSM926675; GSM926676,Cells_HEK293,monosome,,single
Fritsch_2012,HS,GSE39561,https://www.ncbi.nlm.nih.gov/geo/query/acc.cgi?acc=GSE39561,22879431,pre-lysis,cycloheximide,GSM971688; GSM971689; GSM971690,Cells_THP1,monosome,,single
Fritsch_2012,HS,GSE39561,https://www.ncbi.nlm.nih.gov/geo/query/acc.cgi?acc=GSE39561,22879431,pre-lysis,puromycin,GSM971691; GSM971692; GSM971693,Cells_THP1,monosome,,single
Stern_2012,HS,GSE41605,https://www.ncbi.nlm.nih.gov/geo/query/acc.cgi?acc=GSE41605,23180859,pre-lysis,cycloheximide,GSM1020234; GSM1020235; GSM1020236; GSM1020237,Cells_HFF,monosome,,single
Stern_2012,HS,GSE41605,https://www.ncbi.nlm.nih.gov/geo/query/acc.cgi?acc=GSE41605,23180859,pre-lysis,harringtonine,GSM1020238; GSM1020239,Cells_HFF,monosome,,single
Stern_2012,HS,GSE41605,https://www.ncbi.nlm.nih.gov/geo/query/acc.cgi?acc=GSE41605,23180859,pre-lysis,lactimidomycin,GSM1020240; GSM1020241,Cells_HFF,monosome,,single
Stern_2012,HS,GSE41605,https://www.ncbi.nlm.nih.gov/geo/query/acc.cgi?acc=GSE41605,23180859,n/a,n/a,GSM1020242; GSM1020243,Cells_HFF,monosome,,single
Hurt_2013,MM,GSE41785,https://www.ncbi.nlm.nih.gov/geo/query/acc.cgi?acc=GSE41785,23766421,pre-lysis,cycloheximide,GSM1024311; GSM1024312; GSM1024313,Cells_mESC,monosome,,single
Zinshteyn_2013,SC,GSE45366,https://www.ncbi.nlm.nih.gov/geo/query/acc.cgi?acc=GSE45366,23935536,pre-lysis,cycloheximide,GSM1103176; GSM1103177; GSM1103178; GSM1103179; GSM1103180; GSM1103181; GSM1103182; GSM1103183,Cells,monosome,,single
Loayza-Puch_2013,HS,GSE45833,https://www.ncbi.nlm.nih.gov/geo/query/acc.cgi?acc=GSE45833,23594524,pre-lysis,cycloheximide,GSM1047584; GSM1047585; GSM1047586; GSM1047587; GSM1047588; GSM1047589; GSM1047590; GSM1047591; GSM1115204; GSM1115207; GSM1115210; GSM1115213; GSM1115216,Cells_BJ,monosome,,single
Howard_2013,MM,GSE46038,https://www.ncbi.nlm.nih.gov/geo/query/acc.cgi?acc=GSE46038,23696641,pre-lysis,cycloheximide,GSM1122205; GSM1122206; GSM1122207; GSM1122208; GSM1122209; GSM1122210,Tissue_Liver,monosome,,single
Chew_2013,DR,GSE46512,https://www.ncbi.nlm.nih.gov/geo/query/acc.cgi?acc=GSE46512,23698349,pre-lysis,cycloheximide,GSM1131530; GSM1131531; GSM1131532; GSM1131533; GSM1131534; GSM1131535; GSM1131536; GSM1131537,Tissue_Embryos,monosome,,single
Lee_2013,DR,GSE47558,https://www.ncbi.nlm.nih.gov/geo/query/acc.cgi?acc=GSE47558,24056933,pre-lysis,cycloheximide,GSM1152437; GSM1152439,Tissue_Embryos,monosome,,single
Wiita_2013,HS,GSE48785,https://www.ncbi.nlm.nih.gov/geo/query/acc.cgi?acc=GSE48785,24171104,pre-lysis,cycloheximide,GSM1184592; GSM1184594; GSM1184596; GSM1184598; GSM1184600; GSM1184602,Cells_MM1S,monosome,,single
Rooijers_2013,HS,GSE48933,https://www.ncbi.nlm.nih.gov/geo/query/acc.cgi?acc=GSE48933,24301020,pre-lysis,chloramphenicol,GSM1187134; GSM1187135,Cells_BJ,monosome,,single
Rooijers_2013,HS,GSE48933,https://www.ncbi.nlm.nih.gov/geo/query/acc.cgi?acc=GSE48933,24301020,pre-lysis,chloramphenicol,GSM1187138; GSM1187139; GSM1187140; GSM1187141,Cells_Cybrid,monosome,,single
Dunn_2013,DM,GSE49197,https://www.ncbi.nlm.nih.gov/geo/query/acc.cgi?acc=GSE49197,24302569,n/a,n/a,GSM1195318; GSM1195319; GSM1195322; GSM1195323; GSM1195324; GSM1195325,Tissue_Embryos,monosome,,single
Dunn_2013,DM,GSE49197,https://www.ncbi.nlm.nih.gov/geo/query/acc.cgi?acc=GSE49197,24302569,n/a,n/a,GSM1195326; GSM1195327; GSM1195328; GSM1195329,Cells_S2,monosome,,single
Wang_2014,HS,GSE49339,https://www.ncbi.nlm.nih.gov/geo/query/acc.cgi?acc=GSE49339,23453015,pre-lysis,cycloheximide,GSM1197612; GSM1197614; GSM1197618; GSM1197621,Cells_HeLa,monosome,,single
Castaneda_2014,MM,GSE50983,https://www.ncbi.nlm.nih.gov/geo/query/acc.cgi?acc=GSE50983,25063675,n/a,n/a,GSM1234248; GSM1234249; GSM1234252; GSM1234253,Tissue_Testis,monosome,,single
Gonzalez_2014,MM,GSE51424,https://www.ncbi.nlm.nih.gov/geo/query/acc.cgi?acc=GSE51424,25122893,pre-lysis,cycloheximide,GSM1245214; GSM1245215; GSM1245216; GSM1245220; GSM1245221; GSM1245222; GSM1245223; GSM1245224; GSM1245225,Tissue_Brain,monosome,,single
Gonzalez_2014,HS,GSE51424,https://www.ncbi.nlm.nih.gov/geo/query/acc.cgi?acc=GSE51424,25122893,pre-lysis,cycloheximide,GSM1495244; GSM1495245; GSM1495246; GSM1495247; GSM1495248,Tissue_Brain,monosome,,single
Guo_2014,HS,GSE51584,https://www.ncbi.nlm.nih.gov/geo/query/acc.cgi?acc=GSE51584,25070500,pre-lysis,cycloheximide,GSM1248729; GSM1248732; GSM1248735,Cells_U2OS,monosome,,single
Kronja_2014,DM,GSE52799,https://www.ncbi.nlm.nih.gov/geo/query/acc.cgi?acc=GSE52799,24882012,n/a,n/a,GSM1276395; GSM1276396; GSM1276397,Tissue_Oocytes,monosome,,single
Kronja_2014,DM,GSE52799,https://www.ncbi.nlm.nih.gov/geo/query/acc.cgi?acc=GSE52799,24882012,pre-lysis,cycloheximide,GSM1276398; GSM1276399; GSM1276400,Tissue_Oocytes,monosome,,single
Subtelny_2014,HS,GSE52809,https://www.ncbi.nlm.nih.gov/geo/query/acc.cgi?acc=GSE52809,24476825,pre-lysis,cycloheximide,GSM1276542,Cells_HEK293,monosome,,single
Subtelny_2014,MM,GSE52809,https://www.ncbi.nlm.nih.gov/geo/query/acc.cgi?acc=GSE52809,24476825,pre-lysis,cycloheximide,GSM1276540,Tissue_Liver,monosome,,single
Subtelny_2014,MM,GSE52809,https://www.ncbi.nlm.nih.gov/geo/query/acc.cgi?acc=GSE52809,24476825,pre-lysis,cycloheximide,GSM1276544,Cells_3T3,monosome,,single
Subtelny_2014,DR,GSE52809,https://www.ncbi.nlm.nih.gov/geo/query/acc.cgi?acc=GSE52809,24476825,post-lysis,cycloheximide,GSM1276554; GSM1276555; GSM1276556; GSM1276557; GSM1276558; GSM1276559; GSM1276560; GSM1276561; GSM1276562,Tissue_Embryos,monosome,,single
Hendriks_2014,CE,GSE52910,https://www.ncbi.nlm.nih.gov/geo/query/acc.cgi?acc=GSE52910,24440504,pre-lysis,cycloheximide,GSM1277907; GSM1277908; GSM1277909; GSM1277910; GSM1277911; GSM1277912; GSM1277913; GSM1277914; GSM1277915; GSM1277916,Worm,monosome,,single
Yoon_2014,HS,GSE52976,https://www.ncbi.nlm.nih.gov/geo/query/acc.cgi?acc=GSE52976,25366541,n/a,n/a,GSM1279707; GSM1279708; GSM1279709,Cells_HeLa,monosome,,single
Bazzini_2014,DR,GSE53693,https://www.ncbi.nlm.nih.gov/geo/query/acc.cgi?acc=GSE53693,24705786,pre-lysis,cycloheximide,GSM1299080; GSM1299081; GSM1299082; GSM1299083; GSM1299085; GSM1299086; GSM1299091; GSM1299092; GSM1299093; GSM1299094; GSM1299095; GSM1299096; GSM1299102; GSM1299103; GSM1299104; GSM1299105; GSM1299107; GSM1299109,Tissue_Embryos,monosome,,single
Reid_2014,MM,GSE53743,https://www.ncbi.nlm.nih.gov/geo/query/acc.cgi?acc=GSE53743,25215492,pre-lysis,cycloheximide,GSM1299856; GSM1299857; GSM1299858; GSM1299859; GSM1299864; GSM1299865; GSM1299866; GSM1299867; GSM1299872; GSM1299873; GSM1299874; GSM1299875; GSM1299880; GSM1299881; GSM1299882; GSM1299883; GSM1299888; GSM1299889; GSM1299890; GSM1299891; GSM1299936; GSM1299937; GSM1299938; GSM1299939; GSM1299940; GSM1299941; GSM1299942; GSM1299943; GSM1299944; GSM1299945; GSM1299946; GSM1299947,Cells_MEF,monosome,,single
Andreev_2015,HS,GSE55195,https://www.ncbi.nlm.nih.gov/geo/query/acc.cgi?acc=GSE55195,25621764,pre-lysis,cycloheximide,GSM1331342; GSM1331344; GSM1331346; GSM1331348,Cells_HEK293,monosome,,single
Wolfe_2014,HS,GSE56887,https://www.ncbi.nlm.nih.gov/geo/query/acc.cgi?acc=GSE56887,25079319,pre-lysis,cycloheximide,GSM1370695; GSM1370696; GSM1370697; GSM1370698,Cells_KOPT-K1,monosome,,single
Jang_2015,HS,GSE56924,https://www.ncbi.nlm.nih.gov/geo/query/acc.cgi?acc=GSE56924,26338483,pre-lysis,cycloheximide,GSM1371443; GSM1371444; GSM1371445; GSM1371446; GSM1371447; GSM1371448; GSM1371449; GSM1371450; GSM1371451; GSM1371452; GSM1371453; GSM1371454; GSM1371455; GSM1371456; GSM1371457; GSM1371458; GSM1371459; GSM1371460; GSM1371461; GSM1371462; GSM1371463; GSM1371464; GSM1371465; GSM1371466; GSM1371467; GSM1371468; GSM1371469; GSM1371470; GSM1371471; GSM1371472; GSM1371473; GSM1371474; GSM1371475; GSM1371476; GSM1371477; GSM1371478; GSM1371479; GSM1371480; GSM1371481; GSM1371482; GSM1371483; GSM1371484; GSM1371485; GSM1371486; GSM1371487; GSM1371488; GSM1371489; GSM1371490,Cells_U2OS,monosome,,single
Crappe_2015,HS,GSE58207,https://www.ncbi.nlm.nih.gov/geo/query/acc.cgi?acc=GSE58207,25510491,pre-lysis,cycloheximide,GSM1403307,Cells_HCT116,monosome,,single
Crappe_2015,HS,GSE58207,https://www.ncbi.nlm.nih.gov/geo/query/acc.cgi?acc=GSE58207,25510491,pre-lysis,lactimidomycin,GSM1403308,Cells_HCT116,monosome,,single
Katz_2014,MM,GSE58423,https://www.ncbi.nlm.nih.gov/geo/query/acc.cgi?acc=GSE58423,25380226,n/a,n/a,GSM1410668; GSM1410669; GSM1410670; GSM1410671; GSM1410672; GSM1410673; GSM1410674; GSM1410675,Cells_NSC,monosome,,single
Jovanovic_2015,MM,GSE59793,https://www.ncbi.nlm.nih.gov/geo/query/acc.cgi?acc=GSE59793,25745177,pre-lysis,cycloheximide,GSM1554684; GSM1554685,Cells_BMDC,monosome,,single
Loayza-Puch_2016,HS,GSE59821,https://www.ncbi.nlm.nih.gov/geo/query/acc.cgi?acc=GSE59821,26878238,pre-lysis,cycloheximide,GSM1446832; GSM1446833,Cells_SUM1315,monosome,,single
Loayza-Puch_2016,HS,GSE59821,https://www.ncbi.nlm.nih.gov/geo/query/acc.cgi?acc=GSE59821,26878238,pre-lysis,cycloheximide,GSM1446834; GSM1446838; GSM1922007,Cells_MCF10A,monosome,,single
Loayza-Puch_2016,HS,GSE59821,https://www.ncbi.nlm.nih.gov/geo/query/acc.cgi?acc=GSE59821,26878238,pre-lysis,cycloheximide,GSM1921997; GSM1921998; GSM1921999; GSM1922000; GSM1922001; GSM1922002; GSM1922003; GSM1922004,Cells_SUM159PT,monosome,,single
Loayza-Puch_2016,HS,GSE59821,https://www.ncbi.nlm.nih.gov/geo/query/acc.cgi?acc=GSE59821,26878238,pre-lysis,cycloheximide,GSM1921994; GSM1921995; GSM1921996; GSM1712843; GSM1712847,Cells_MCF7,monosome,,single
Loayza-Puch_2016,HS,GSE59821,https://www.ncbi.nlm.nih.gov/geo/query/acc.cgi?acc=GSE59821,26878238,pre-lysis,cycloheximide,GSM1921989; GSM1921990; GSM1921991; GSM1921992; GSM1921993,Cells_PC3,monosome,,single
Loayza-Puch_2016,HS,GSE59821,https://www.ncbi.nlm.nih.gov/geo/query/acc.cgi?acc=GSE59821,26878238,pre-lysis,cycloheximide,GSM1712846; GSM1712850,Cells_Hs578t,monosome,,single
Loayza-Puch_2016,HS,GSE59821,https://www.ncbi.nlm.nih.gov/geo/query/acc.cgi?acc=GSE59821,26878238,pre-lysis,cycloheximide,GSM1712845; GSM1712849,Cells_MDAMB231,monosome,,single
Loayza-Puch_2016,HS,GSE59821,https://www.ncbi.nlm.nih.gov/geo/query/acc.cgi?acc=GSE59821,26878238,pre-lysis,cycloheximide,GSM1712844; GSM1712848,Cells_T47D,monosome,,single
Loayza-Puch_2016,HS,GSE59821,https://www.ncbi.nlm.nih.gov/geo/query/acc.cgi?acc=GSE59821,26878238,pre-lysis,cycloheximide,GSM1446876; GSM1446877; GSM1446878; GSM1446879; GSM1712833; GSM1712834; GSM1712835; GSM1712836; GSM1922047; GSM1922049,Tissue_KidneyTumor,monosome,,single
Loayza-Puch_2016,HS,GSE59821,https://www.ncbi.nlm.nih.gov/geo/query/acc.cgi?acc=GSE59821,26878238,pre-lysis,cycloheximide,GSM1446874; GSM1446875; GSM1712831; GSM1712832; GSM1922046; GSM1922048,Tissue_Kidney,monosome,,single
Rutkowski_2015,HS,GSE60040,https://www.ncbi.nlm.nih.gov/geo/query/acc.cgi?acc=GSE60040,25989971,pre-lysis,cycloheximide,GSM1464095; GSM1464096; GSM1464097; GSM1464098; GSM1464099; GSM1464100; GSM1464101; GSM1464102; GSM1464103; GSM1464104; GSM1464105; GSM1464106,Cells_HFF,monosome,,single
Ingolia_2014,MM,GSE60095,https://www.ncbi.nlm.nih.gov/geo/query/acc.cgi?acc=GSE60095,25159147,pre-lysis,cycloheximide,GSM1464901,Cells_mESC,monosome,,single
Ingolia_2014,MM,GSE60095,https://www.ncbi.nlm.nih.gov/geo/query/acc.cgi?acc=GSE60095,25159147,pre-lysis,emetine,GSM1464902,Cells_mESC,monosome,,single
Ingolia_2014,HS,GSE60095,https://www.ncbi.nlm.nih.gov/geo/query/acc.cgi?acc=GSE60095,25159147,pre-lysis,cycloheximide,GSM1464904,Cells_HEK293,monosome,,single
Aspden_2014,DM,GSE60384,https://www.ncbi.nlm.nih.gov/geo/query/acc.cgi?acc=GSE60384,25144939,pre-lysis,cycloheximide,GSM1477470; GSM1477471; GSM1477472; GSM1477473,Cells_S2,monosome,,single
Eichhorn_2014,HS,GSE60426,https://www.ncbi.nlm.nih.gov/geo/query/acc.cgi?acc=GSE60426,25263593,pre-lysis,cycloheximide,GSM1479598; GSM1479600,Cells_HEK293T,monosome,,single
Eichhorn_2014,MM,GSE60426,https://www.ncbi.nlm.nih.gov/geo/query/acc.cgi?acc=GSE60426,25263593,pre-lysis,cycloheximide,GSM1479573; GSM1479574; GSM1479575; GSM1479576; GSM1479581; GSM1479582; GSM1479583; GSM1479584,Cells_Bcells,monosome,,single
Eichhorn_2014,HS,GSE60426,https://www.ncbi.nlm.nih.gov/geo/query/acc.cgi?acc=GSE60426,25263593,pre-lysis,cycloheximide,GSM1479588; GSM1479592; GSM1479596,Cells_U2OS,monosome,,single
Eichhorn_2014,MM,GSE60426,https://www.ncbi.nlm.nih.gov/geo/query/acc.cgi?acc=GSE60426,25263593,pre-lysis,cycloheximide,GSM1479610; GSM1479611; GSM1479612; GSM1479613; GSM1479614; GSM1479619; GSM1479620; GSM1479621; GSM1479622; GSM1479629; GSM1479630; GSM1479631; GSM1479632; GSM1479633; GSM1479634; GSM1479637; GSM1479638; GSM1479641; GSM1479642; GSM1479645; GSM1479646; GSM1479649; GSM1479650,Cells_3T3,monosome,,single
Eichhorn_2014,MM,GSE60426,https://www.ncbi.nlm.nih.gov/geo/query/acc.cgi?acc=GSE60426,25263593,pre-lysis,cycloheximide,GSM1479602; GSM1479604,Tissue_Liver,monosome,,single
Jan_2014,HS,GSE61012,https://www.ncbi.nlm.nih.gov/geo/query/acc.cgi?acc=GSE61012,25378630,pre-lysis,cycloheximide,GSM1495535; GSM1495536,Cells_HEK293T,monosome,,single
Jan_2014,SC,GSE61012,https://www.ncbi.nlm.nih.gov/geo/query/acc.cgi?acc=GSE61012,25378630,n/a,n/a,GSM1495519; GSM1495520; GSM1495521; GSM1495522; GSM1495523; GSM1495524; GSM1495525; GSM1495526,Cells,monosome,,single
Jan_2014,SC,GSE61012,https://www.ncbi.nlm.nih.gov/geo/query/acc.cgi?acc=GSE61012,25378630,pre-lysis,cycloheximide,GSM1495505; GSM1495506; GSM1495507; GSM1495508; GSM1495509; GSM1495510; GSM1495511; GSM1495512; GSM1495513; GSM1495514; GSM1495515; GSM1495516; GSM1495517; GSM1495518; GSM1495527; GSM1495528; GSM1495529; GSM1495530; GSM1495531; GSM1495532; GSM1495533; GSM1495534,Cells,monosome,,single
Rubio_2014,HS,GSE61375,https://www.ncbi.nlm.nih.gov/geo/query/acc.cgi?acc=GSE61375,25273840,pre-lysis,cycloheximide,GSM1503433; GSM1503434; GSM1503435; GSM1503436; GSM1503437; GSM1503440; GSM1503441; GSM1503442; GSM1503443,Cells_MDA-MB-231,monosome,,single
Werner_2015,HS,GSE62247,https://www.ncbi.nlm.nih.gov/geo/query/acc.cgi?acc=GSE62247,26399832,pre-lysis,cycloheximide,GSM1523624; GSM1523625; GSM1523626; GSM1523627; GSM1523628; GSM1523629; GSM1523630; GSM1523631; GSM1523632; GSM1523633; GSM1523634; GSM1523635; GSM1523636; GSM1523637; GSM1523638; GSM1523639; GSM1782874; GSM1782875; GSM1782876; GSM1782877; GSM1782878; GSM1782879; GSM1782880,Cells_hES,monosome,,single
Arnold_2014,CE,GSE62859,https://www.ncbi.nlm.nih.gov/geo/query/acc.cgi?acc=GSE62859,25378320,pre-lysis,cycloheximide,GSM1534608; GSM1534609; GSM1534610; GSM1534611,Worm,monosome,,single
Grow_2015,HS,GSE63570,https://www.ncbi.nlm.nih.gov/geo/query/acc.cgi?acc=GSE63570,25896322,pre-lysis,cycloheximide,GSM1552807; GSM1552808,Cells_NCCIT,monosome,,single
Pop_2014,SC,GSE63789,https://www.ncbi.nlm.nih.gov/geo/query/acc.cgi?acc=GSE63789,25538139,pre-lysis,cycloheximide,GSM1557447; GSM1557448; GSM1557449; GSM1557450; GSM1557451,Cells,monosome,,single
Xu_2016,HS,GSE64962,https://www.ncbi.nlm.nih.gov/geo/query/acc.cgi?acc=GSE64962,26729373,pre-lysis,cycloheximide,GSM1585210; GSM1585211; GSM1585212; GSM1585213; GSM1585222; GSM1585223; GSM1585224; GSM1585225; GSM1585226; GSM1585227; GSM1585228; GSM1585229; GSM1585238; GSM1585239; GSM1585240; GSM1585241; GSM1585242; GSM1585243; GSM1585244; GSM1585245,Cells_Fibroblasts,monosome,,single
Sidrauski_2015,HS,GSE65778,https://www.ncbi.nlm.nih.gov/geo/query/acc.cgi?acc=GSE65778,25719440,pre-lysis,cycloheximide,GSM1606107; GSM1606108; GSM1606109; GSM1606110; GSM1606111; GSM1606112; GSM1606113; GSM1606114,Cells_HEK293T,monosome,,single
Ji_2015,HS,GSE65885,https://www.ncbi.nlm.nih.gov/geo/query/acc.cgi?acc=GSE65885,26687005,pre-lysis,cycloheximide,GSM1608268; GSM1608269; GSM1608270; GSM1608271; GSM1608276; GSM1608277; GSM1608278; GSM1608279; GSM1608280; GSM1608281,Cells_MCF10A,monosome,,single
Ji_2015,HS,GSE65885,https://www.ncbi.nlm.nih.gov/geo/query/acc.cgi?acc=GSE65885,26687005,pre-lysis,harringtonine,GSM1608272; GSM1608273; GSM1608274; GSM1608275,Cells_MCF10A,monosome,,single
Ji_2015,HS,GSE65885,https://www.ncbi.nlm.nih.gov/geo/query/acc.cgi?acc=GSE65885,26687005,pre-lysis,cycloheximide,GSM1608285; GSM1608286; GSM1608287; GSM1608291; GSM1608292; GSM1608293,Cells_BJ,monosome,,single
Ji_2015,HS,GSE65885,https://www.ncbi.nlm.nih.gov/geo/query/acc.cgi?acc=GSE65885,26687005,pre-lysis,harringtonine,GSM1608288; GSM1608289; GSM1608290; GSM1608294; GSM1608295; GSM1608296,Cells_BJ,monosome,,single
Cenik_2015,HS,GSE65912,https://www.ncbi.nlm.nih.gov/geo/query/acc.cgi?acc=GSE65912,26297486,pre-lysis,cycloheximide,GSM1609377; GSM1609378; GSM1609379; GSM1609380; GSM1609381; GSM1609382; GSM1609383; GSM1609384; GSM1609385; GSM1609386; GSM1609387; GSM1609388; GSM1609389; GSM1609390; GSM1609391; GSM1609392; GSM1609393; GSM1609394; GSM1609395; GSM1609396; GSM1609397; GSM1609398; GSM1609399; GSM1609400; GSM1609401; GSM1609402; GSM1609403; GSM1609404; GSM1609405; GSM1609406; GSM1609407; GSM1609408; GSM1609409; GSM1609410; GSM1609411; GSM1609412; GSM1609413; GSM1609414; GSM1609415; GSM1609416; GSM1609417; GSM1609418; GSM1609419; GSM1609420; GSM1609421; GSM1609422; GSM1609423; GSM1609424; GSM1609425; GSM1609426,Cells_Lymphoblastoid,monosome,,single
Ori_2015,RN,GSE66715,https://www.ncbi.nlm.nih.gov/geo/query/acc.cgi?acc=GSE66715,27135913,pre-lysis,cycloheximide,GSM1630470; GSM1630471; GSM1630472; GSM1630473; GSM1630474; GSM1630475,Tissue_Brain,monosome,,single
Ori_2015,RN,GSE66715,https://www.ncbi.nlm.nih.gov/geo/query/acc.cgi?acc=GSE66715,27135913,pre-lysis,cycloheximide,GSM1630476; GSM1630477; GSM1630478; GSM1630479; GSM1630480; GSM1630481,Tissue_Liver,monosome,,single
Elkon_2015,HS,GSE66927,https://www.ncbi.nlm.nih.gov/geo/query/acc.cgi?acc=GSE66927,26538417,pre-lysis,cycloheximide,GSM1634443; GSM1634444; GSM1634445; GSM1634446; GSM1634447; GSM1634448; GSM1634449; GSM1634450; GSM1634451; GSM1634452,Cells_U2OS,monosome,,single
Janich_2015,MM,GSE67305,https://www.ncbi.nlm.nih.gov/geo/query/acc.cgi?acc=GSE67305,26486724,pre-lysis,cycloheximide,GSM1644076; GSM1644077; GSM1644078; GSM1644079; GSM1644080; GSM1644081; GSM1644082; GSM1644083; GSM1644084; GSM1644085; GSM1644086; GSM1644087; GSM1644088; GSM1644089; GSM1644090; GSM1644091; GSM1644092; GSM1644093; GSM1644094; GSM1644095; GSM1644096; GSM1644097; GSM1644098; GSM1644099,Tissue_Liver,monosome,,single
Nedialkova_2015,CE,GSE67387,https://www.ncbi.nlm.nih.gov/geo/query/acc.cgi?acc=GSE67387,26052047,pre-lysis,cycloheximide,GSM1646105; GSM1646106; GSM1646107; GSM1646108,Worm,monosome,,single
Nedialkova_2015,SC,GSE67387,https://www.ncbi.nlm.nih.gov/geo/query/acc.cgi?acc=GSE67387,26052047,pre-lysis,cycloheximide,GSM1646015; GSM1646016; GSM1646017; GSM1646018; GSM1646019; GSM1646020; GSM1646021; GSM1646022; GSM1646023; GSM1646024; GSM1646025; GSM1646026; GSM1646039; GSM1646040; GSM1646041; GSM1646042; GSM1646043; GSM1646044; GSM1646051; GSM1646052; GSM1646053; GSM1646054; GSM1646055; GSM1646056; GSM1646063; GSM1646064; GSM1646065; GSM1646066; GSM1646067; GSM1646068; GSM1646069; GSM1646070; GSM1646071; GSM1646072; GSM1646073; GSM1646074; GSM1646075; GSM1646076; GSM1646077; GSM1646078; GSM1646079; GSM1646080; GSM1646081; GSM1646082; GSM1646083; GSM1646084; GSM1646085; GSM1646086; GSM1646087; GSM1646088; GSM1646089; GSM1646090; GSM1646091; GSM1646092; GSM1646093; GSM1646094; GSM1646095; GSM1646096; GSM1646097; GSM1646098; GSM1646099; GSM1646100; GSM1646101; GSM1646102; GSM1646103; GSM1646104,Cells,monosome,,single
Tanenbaum_2015,HS,GSE67902,https://www.ncbi.nlm.nih.gov/geo/query/acc.cgi?acc=GSE67902,26305499,pre-lysis,cycloheximide,GSM1657720; GSM1657721; GSM1657722; GSM1657723; GSM1657724; GSM1657725,Cells_RPE1,monosome,,single
Reid_2015,HS,GSE68008,https://www.ncbi.nlm.nih.gov/geo/query/acc.cgi?acc=GSE68008,26164698,pre-lysis,cycloheximide,GSM1660950; GSM1660951,Cells_Lymphocytes,monosome,,single
Reid_2016,MM,GSE69800,https://www.ncbi.nlm.nih.gov/geo/query/acc.cgi?acc=GSE69800,27161320,pre-lysis,cycloheximide,GSM1709012; GSM1709013; GSM1709014; GSM1709015; GSM1709016; GSM1709017; GSM1709018; GSM1709019; GSM1709020; GSM1709021; GSM1709022; GSM1709023; GSM1709024; GSM1709025; GSM1709026; GSM1709027; GSM1709028; GSM1709029; GSM1709030; GSM1709031,Cells_MEF,monosome,,single
Tirosh_2015,HS,GSE69906,https://www.ncbi.nlm.nih.gov/geo/query/acc.cgi?acc=GSE69906,26599541,pre-lysis,cycloheximide,GSM1712271; GSM1712272; GSM1712273; GSM1712274; GSM1712275; GSM1712276; GSM1712277,Cells_HFF,monosome,,single
Iwasaki_2016,HS,GSE70211,https://www.ncbi.nlm.nih.gov/geo/query/acc.cgi?acc=GSE70211,27309803,pre-lysis,cycloheximide,GSM1720803; GSM1720804; GSM1720805; GSM1720806; GSM1720807; GSM1720813; GSM1720814; GSM1720815; GSM1720816; GSM1720817,Cells_HEK293,monosome,,single
Oh_2016,HS,GSE70802,https://www.ncbi.nlm.nih.gov/geo/query/acc.cgi?acc=GSE70802,27058758,pre-lysis,cycloheximide,GSM1819217; GSM1819218; GSM1819219; GSM1819220; GSM1819221; GSM1819222; GSM1819223; GSM1819224; GSM1819225; GSM1819226; GSM1819227; GSM1819228,Cells_HEK_293T,monosome,,single
Blanco_2016,MM,GSE72066,https://www.ncbi.nlm.nih.gov/geo/query/acc.cgi?acc=GSE72066,27306184,post-lysis,cycloheximide,GSM1854031; GSM1854032; GSM1854033; GSM1854034; GSM1854035; GSM1854036,Tissue_Skin,monosome,,single
Neri_2017,MM,GSE72851,https://www.ncbi.nlm.nih.gov/geo/query/acc.cgi?acc=GSE72851,28225755,pre-lysis,cycloheximide,GSM1873376; GSM1873377; GSM1873378; GSM1873379,Cells_mESC,monosome,,single
Calviello_2016,HS,GSE73136,https://www.ncbi.nlm.nih.gov/geo/query/acc.cgi?acc=GSE73136,26657557,pre-lysis,cycloheximide,GSM1887643,Cells_HEK293,monosome,,single
You_2015,MM,GSE73369,https://www.ncbi.nlm.nih.gov/geo/query/acc.cgi?acc=GSE73369,26443847,pre-lysis,cycloheximide,GSM1891964; GSM1891965; GSM1891966; GSM1891967; GSM1891968; GSM1891969,Cells_mESCs,monosome,,single
Zur_2016,HS,GSE73565,https://www.ncbi.nlm.nih.gov/geo/query/acc.cgi?acc=GSE73565,26898226,pre-lysis,cycloheximide,GSM1898010; GSM1898011; GSM1898012; GSM1898013; GSM1898018; GSM1898019; GSM1898020; GSM1898021,Cells_HeLa,monosome,,single
Fields_2015,MM,GSE74139,https://www.ncbi.nlm.nih.gov/geo/query/acc.cgi?acc=GSE74139,26638175,pre-lysis,cycloheximide,GSM1911104; GSM1911105; GSM1911106; GSM1911107; GSM1911108; GSM1911109; GSM1911110; GSM1911111; GSM1911112; GSM1911113; GSM1911114; GSM1911115; GSM1911116; GSM1911117; GSM1911118; GSM1911119; GSM1911120; GSM1911121; GSM1911122; GSM1911123; GSM1911124; GSM1911125; GSM1911126; GSM1911127; GSM1911128; GSM1911129,Cells_BMDC,monosome,,single
Fields_2015,MM,GSE74139,https://www.ncbi.nlm.nih.gov/geo/query/acc.cgi?acc=GSE74139,26638175,pre-lysis,harringtonine,GSM1911093,Cells_BMDC,monosome,,single
Fields_2015,MM,GSE74139,https://www.ncbi.nlm.nih.gov/geo/query/acc.cgi?acc=GSE74139,26638175,pre-lysis,lactimidomycin,GSM1911094,Cells_BMDC,monosome,,single
Fields_2015,MM,GSE74139,https://www.ncbi.nlm.nih.gov/geo/query/acc.cgi?acc=GSE74139,26638175,n/a,n/a,GSM1911095; GSM1911096; GSM1911097; GSM1911098; GSM1911099; GSM1911100; GSM1911101; GSM1911102; GSM1911103,Cells_BMDC,monosome,,single
Laguesse_2015,MM,GSE74683,https://www.ncbi.nlm.nih.gov/geo/query/acc.cgi?acc=GSE74683,26651292,pre-lysis,cycloheximide,GSM1930051; GSM1930052; GSM1930053; GSM1930054,Tissue_Forebrains,monosome,,single
Raj_2016,HS,GSE75290,https://www.ncbi.nlm.nih.gov/geo/query/acc.cgi?acc=GSE75290,27232982,pre-lysis,harringtonine,GSM1948925; GSM1948926,Cells_Lymphoblastoid,monosome,,single
Nissley_2016,SC,GSE75322,https://www.ncbi.nlm.nih.gov/geo/query/acc.cgi?acc=GSE75322,26887592,pre-lysis,cycloheximide,GSM1949550; GSM1949551,Cells,monosome,,single
Park_2016,HS,GSE79664,https://www.ncbi.nlm.nih.gov/geo/query/acc.cgi?acc=GSE79664,27153541,pre-lysis,cycloheximide,GSM2100596; GSM2100597; GSM2100598; GSM2100599; GSM2100600; GSM2100601; GSM2100602,Cells_HeLa,monosome,,single
Gerashchenko_2016,MM,GSE82220,https://www.ncbi.nlm.nih.gov/geo/query/acc.cgi?acc=GSE82220,27638886,pre-lysis,cycloheximide,GSM2186729; GSM2186730; GSM2186731,Tissue_liver,monosome,,single
Gerashchenko_2016,SC,GSE82220,https://www.ncbi.nlm.nih.gov/geo/query/acc.cgi?acc=GSE82220,27638886,pre-lysis,cycloheximide,GSM2186724; GSM2186725; GSM2186726; GSM2186727; GSM2186728,Cells,monosome,,single
Sendoel_2017,MM,GSE83332,https://www.ncbi.nlm.nih.gov/geo/query/acc.cgi?acc=GSE83332,28077873,pre-lysis,cycloheximide,GSM2199581; GSM2199582; GSM2199583; GSM2199584; GSM2199585; GSM2199586,Tissue_Skin,monosome,,single
Sendoel_2017,MM,GSE83332,https://www.ncbi.nlm.nih.gov/geo/query/acc.cgi?acc=GSE83332,28077873,pre-lysis,cycloheximide,GSM2199592; GSM2199594; GSM2199596; GSM2199598,Cells_Keratinocytes,monosome,,single
Sendoel_2017,MM,GSE83332,https://www.ncbi.nlm.nih.gov/geo/query/acc.cgi?acc=GSE83332,28077873,pre-lysis,harringtonine,GSM2199599; GSM2199600,Cells_Keratinocytes,monosome,,single
Sendoel_2017,MM,GSE83332,https://www.ncbi.nlm.nih.gov/geo/query/acc.cgi?acc=GSE83332,28077873,n/a,n/a,GSM2199591; GSM2199593; GSM2199595; GSM2199597,Cells_Keratinocytes,monosome,,single
Sendoel_2017,MM,GSE83332,https://www.ncbi.nlm.nih.gov/geo/query/acc.cgi?acc=GSE83332,28077873,n/a,n/a,GSM2199601,Tissue_Tumor,monosome,,single
Sendoel_2017,MM,GSE83332,https://www.ncbi.nlm.nih.gov/geo/query/acc.cgi?acc=GSE83332,28077873,pre-lysis,cycloheximide,GSM2199602; GSM2199603; GSM2199604; GSM2199605; GSM2199606,Tissue_Tumor,monosome,,single
Alvarez-Dominguez_2017,MM,GSE83823,https://www.ncbi.nlm.nih.gov/geo/query/acc.cgi?acc=GSE83823,27899360,n/a,n/a,GSM2219142; GSM2219143; GSM2219144; GSM2219145; GSM2219146; GSM2219147; GSM2219148; GSM2219149,Cells_Erythroid,monosome,,single
Fradejas-Villar_2017,MM,GSE84112,https://www.ncbi.nlm.nih.gov/geo/query/acc.cgi?acc=GSE84112,27956496,pre-lysis,cycloheximide,GSM2227367; GSM2227368; GSM2227369; GSM2227370; GSM2227371; GSM2227372; GSM2227373; GSM2227374; GSM2227375,Tissue_Liver,monosome,,single
Mills_2016,HS,GSE85864,https://www.ncbi.nlm.nih.gov/geo/query/acc.cgi?acc=GSE85864,27681415,pre-lysis,cycloheximide,GSM2285896; GSM2285897; GSM2285898; GSM2285899; GSM2285900; GSM2285901; GSM2285902; GSM2285903; GSM2285904; GSM2285905; GSM2285906; GSM2285907; GSM2285908; GSM2285909; GSM2285910; GSM2285911; GSM2285912; GSM2285913; GSM2285914; GSM2285915; GSM2285916; GSM2285917; GSM2285918; GSM2285919; GSM2285920; GSM2285921; GSM2285922; GSM2285923; GSM2285924; GSM2285925; GSM2285926; GSM2285927,Primary_Cells,monosome,,single
Shi_2017,HS,GSE86214,https://www.ncbi.nlm.nih.gov/geo/query/acc.cgi?acc=GSE86214,28106072,pre-lysis,cycloheximide,GSM2424851; GSM2424853; GSM2424855,Cells_HeLa,monosome,,single
Reid_2017,MM,GSE89108,https://www.ncbi.nlm.nih.gov/geo/query/acc.cgi?acc=GSE89108,28720757,n/a,n/a,GSM2358917; GSM2358918; GSM2358923; GSM2358924,Tissue_Fat,monosome,,single
Reid_2017,MM,GSE89108,https://www.ncbi.nlm.nih.gov/geo/query/acc.cgi?acc=GSE89108,28720757,n/a,n/a,GSM2358919; GSM2358920; GSM2358921; GSM2358922; GSM2358925; GSM2358926; GSM2358927; GSM2358928,Cells_Adipocytes,monosome,,single
Malecki_2017,HS,GSE93133,https://www.ncbi.nlm.nih.gov/geo/query/acc.cgi?acc=GSE93133,28108655,pre-lysis,cycloheximide,GSM2445294; GSM2445295; GSM2445296; GSM2445297,Cells_HEK293,monosome,,single
Zhang_2017,HS,GSE94460,https://www.ncbi.nlm.nih.gov/geo/query/acc.cgi?acc=GSE94460,29170441,pre-lysis,harringtonine,GSM2867900,Cells_HEK293,monosome,,single
Zhang_2017,HS,GSE94460,https://www.ncbi.nlm.nih.gov/geo/query/acc.cgi?acc=GSE94460,29170441,pre-lysis,cycloheximide,GSM2476121; GSM2476122,Cells_HEK293,monosome,,single
Jakobsson_2017,HS,GSE97140,https://www.ncbi.nlm.nih.gov/geo/query/acc.cgi?acc=GSE97140,28520920,pre-lysis,cycloheximide,GSM2552191; GSM2552192; GSM2552193; GSM2552194; GSM2552195,Cells_HAP-1,monosome,,single
Park_2017,HS,GSE97384,https://www.ncbi.nlm.nih.gov/geo/query/acc.cgi?acc=GSE97384,28494858,n/a,n/a,GSM2563629; GSM2563630; GSM2563631; GSM2563632,Cells_HEK293,monosome,,single
DeKlerck_2015,MM,PRJEB7207,http://www.ebi.ac.uk/ena/data/view/PRJEB7207,25873627,pre-lysis,harringtonine,ERX552881; ERX552882; ERX552883; ERX552887; ERX552888; ERX552889,Cells_C2C12,monosome,,single
DeKlerck_2015,MM,PRJEB7207,http://www.ebi.ac.uk/ena/data/view/PRJEB7207,25873627,pre-lysis,cycloheximide,ERX552884; ERX552885; ERX552886; ERX552890; ERX552891; ERX552892,Cells_C2C12,monosome,,single
Stadler_2011,CE,SRA049309,https://www.ncbi.nlm.nih.gov/sra/?term=SRA049309,22045228,n/a,n/a,SRX118144; SRX118143,Larvae,monosome,,single
Stadler_2011,CE,SRA049309,https://www.ncbi.nlm.nih.gov/sra/?term=SRA049309,22045228,pre-lysis,cycloheximide,SRX118140; SRX118139; SRX118128; SRX118127; SRX118118; SRX118117,Larvae,monosome,,single
Stadler_2011,HS,SRA049309,https://www.ncbi.nlm.nih.gov/sra/?term=SRA049309,22045228,n/a,n/a,SRX118148; SRX118147,Cells_HeLa,monosome,,single
Stadler_2011,HS,SRA049309,https://www.ncbi.nlm.nih.gov/sra/?term=SRA049309,22045228,pre-lysis,cycloheximide,SRX118146; SRX118145,Cells_HeLa,monosome,,single
Stadler_2012,CE,SRP014427,https://www.ncbi.nlm.nih.gov/sra/?term=SRP014427,22855835,pre-lysis,cycloheximide,SRX160517; SRX160513; SRX160518; SRX160516; SRX160515; SRX160514; SRX160512; SRX160511; SRX160510,Larvae,monosome,,single
Lee_2012,MM,SRA056377,https://www.ncbi.nlm.nih.gov/sra/?term=SRA056377,22927429,pre-lysis,cycloheximide,SRX172393,Cells_MEF,monosome,,single
Lee_2012,MM,SRA056377,https://www.ncbi.nlm.nih.gov/sra/?term=SRA056377,22927429,pre-lysis,lactimidomycin,SRX172394,Cells_MEF,monosome,,single
Lee_2012,HS,SRA056377,https://www.ncbi.nlm.nih.gov/sra/?term=SRA056377,22927429,pre-lysis,cycloheximide,SRX172361; SRX172315,Cells_HEK293,monosome,,single
Lee_2012,HS,SRA056377,https://www.ncbi.nlm.nih.gov/sra/?term=SRA056377,22927429,pre-lysis,lactimidomycin,SRX172360; SRX172392,Cells_HEK293,monosome,,single
Lee_2012,HS,SRA056377,https://www.ncbi.nlm.nih.gov/sra/?term=SRA056377,22927429,pre-lysis,harringtonine,SRX344414,Cells_HEK293,monosome,,single
Liu_2013,HS,SRA061778,https://www.ncbi.nlm.nih.gov/sra/?term=SRA061778,23290916,pre-lysis,cycloheximide,SRX205671; SRX205670; SRX205669; SRX205668; SRX205667; SRX205666; SRX205665; SRX205664; SRX205663; SRX205662; SRX205661; SRX205658,Cells_HEK293,monosome,,single
Liu_2013,HS,SRA061778,https://www.ncbi.nlm.nih.gov/sra/?term=SRA061778,23290916,pre-lysis,cycloheximide,SRX205675; SRX205673; SRX205672,Cells_HeLa-tTA,monosome,,single
Gao_2014,HS,SRA160745,https://www.ncbi.nlm.nih.gov/sra/?term=SRA160745,25486063,pre-lysis,lactimidomycin,SRX740747; SRX740746; SRX740745,Cells_HEK293,monosome,,single
Gao_2014,HS,SRA160745,https://www.ncbi.nlm.nih.gov/sra/?term=SRA160745,25486063,pre-lysis,cycloheximide,SRX740750; SRX740749; SRX740748,Cells_HEK293,monosome,,single
Gao_2014,HS,SRA160745,https://www.ncbi.nlm.nih.gov/sra/?term=SRA160745,25486063,pre-lysis,lactimidomycin,SRX739272; SRX739267,Cells_MEF,monosome,,single
Gao_2014,MM,SRA160745,https://www.ncbi.nlm.nih.gov/sra/?term=SRA160745,25486063,pre-lysis,cycloheximide,SRX739327; SRX739294,Cells_MEF,monosome,,single
Gao_2014,HS,SRA160745,https://www.ncbi.nlm.nih.gov/sra/?term=SRA160745,25486063,pre-lysis,lactimidomycin,SRX738342; SRX738341,Tissue_Liver,monosome,,single
Gao_2014,MM,SRA160745,https://www.ncbi.nlm.nih.gov/sra/?term=SRA160745,25486063,pre-lysis,cycloheximide,SRX738344; SRX738343,Tissue_Liver,monosome,,single
Andreev_2015b,RN,GSE60752,https://www.ncbi.nlm.nih.gov/geo/query/acc.cgi?acc=GSE60752,25943107,pre-lysis,cycloheximide,GSM1487097; GSM1487099; GSM1487101; GSM1487103; GSM1487105; GSM1487107; GSM1487109; GSM1487111,Cells_PC12,monosome,,single
Wang_2015,HS,GSE63591,https://www.ncbi.nlm.nih.gov/sra/?term=SRA099816,26046440,pre-lysis,cycloheximide,GSM1553248; GSM1553250; GSM1553252; GSM1553254; GSM1717890; GSM1717892,Cells_HeLa,monosome,,single
Stumpf_2013,HS,SRA099816,https://www.ncbi.nlm.nih.gov/sra/?term=SRA099816,24120665,pre-lysis,cycloheximide,SRX345310; SRX345309; SRX345306; SRX345305; SRX345302; SRX345301,Cells_HeLa,monosome,,single
Gawron_2016,HS,GSE74279,https://www.ncbi.nlm.nih.gov/geo/query/acc.cgi?acc=GSE74279,26893308,pre-lysis,lactimidomycin,SRR2732970,Cells_Jurkat,monosome,,single
Gawron_2016,HS,GSE74279,https://www.ncbi.nlm.nih.gov/geo/query/acc.cgi?acc=GSE74279,26893308,pre-lysis,cycloheximide,SRR2733100,Cells_Jurkat,monosome,,single
Wein_2014,HS,GSE56148,https://www.ncbi.nlm.nih.gov/geo/query/acc.cgi?acc=GSE56148,25108525,pre-lysis,cycloheximide,GSM1356674; GSM1356675,Tissue_Muscles,monosome,,single
Diaz-munoz_2015,MM,GSE62134,https://www.ncbi.nlm.nih.gov/geo/query/acc.cgi?acc=GSE62134,25706746,pre-lysis,cycloheximide,GSM1520214; GSM1520215; GSM1520216; GSM1520217; GSM1520218; GSM1520219; GSM1520220; GSM1520221; GSM1520222; GSM1520223; GSM1520224; GSM1520225; GSM1520226; GSM1520227; GSM1520228; GSM1520229; GSM1520230; GSM1520231,Cells_SplenicB,monosome,,single
Cho_2015,MM,GSE72064,https://www.ncbi.nlm.nih.gov/geo/query/acc.cgi?acc=GSE72064,26430118,pre-lysis,cycloheximide,GSM1914373,Cells_mESCs,monosome,,single
Cho_2015,MM,GSE72064,https://www.ncbi.nlm.nih.gov/geo/query/acc.cgi?acc=GSE72064,26430118,pre-lysis,cycloheximide,GSM1854013,Cells_Hypocampal,monosome,,single
Cho_2015,MM,GSE72064,https://www.ncbi.nlm.nih.gov/geo/query/acc.cgi?acc=GSE72064,26430118,pre-lysis,cycloheximide,GSM1853983; GSM1853984; GSM1853985; GSM1853986; GSM1853987; GSM1853993; GSM1853994; GSM1853995; GSM1853996; GSM1853997; GSM1854003; GSM1854004; GSM1854005; GSM1854006; GSM1854007,Tissue_Hypocampus,monosome,,single
Sun_2020,MM,GSE65786,https://www.ncbi.nlm.nih.gov/geo/query/acc.cgi?acc=GSE65786,32015435,pre-lysis,harringtonine,GSM4160744; GSM4160745,Tissue_Testis,monosome,,single
Sun_2020,MM,GSE65786,https://www.ncbi.nlm.nih.gov/geo/query/acc.cgi?acc=GSE65786,32015435,pre-lysis,puromycin,GSM4160754,Tissue_Testis,monosome,,single
Sun_2020,MM,GSE65786,https://www.ncbi.nlm.nih.gov/geo/query/acc.cgi?acc=GSE65786,32015435,pre-lysis,cycloheximide,GSM4160725; GSM4160726; GSM4160727; GSM4160728; GSM4160729; GSM4160730; GSM4160731; GSM4160732; GSM4160733; GSM4160737; GSM4160738; GSM4160739; GSM4160740; GSM4160741; GSM4160742; GSM4160743; GSM4160746; GSM4160747; GSM4160748; GSM4160749; GSM4160750; GSM4160751; GSM4160752; GSM4160753; GSM4160755; GSM4160756; GSM4160757,Tissue_Testis,monosome,,single
Chothani_2019,HS,GSE131111,https://www.ncbi.nlm.nih.gov/geo/query/acc.cgi?acc=GSE131111,31284728,pre-lysis,cycloheximide,GSM3763596; GSM3763597; GSM3763598; GSM3763599; GSM3763600; GSM3763601; GSM3763602; GSM3763603; GSM3763604; GSM3763605; GSM3763606; GSM3763607; GSM3763608; GSM3763609; GSM3763610; GSM3763611; GSM3763612; GSM3763613; GSM3763614; GSM3763615; GSM3763616; GSM3763617; GSM3763618; GSM3763619; GSM3763620; GSM3763621; GSM3763622; GSM3763623; GSM3763624; GSM3763625,Tissue_Heart,monosome,,single
Song_2020,HS,GSE124558,https://www.ncbi.nlm.nih.gov/geo/query/acc.cgi?acc=GSE124558,31819270,pre-lysis,cycloheximide,GSM3984243; GSM3984245; GSM3984247; GSM3984249; GSM3984251; GSM3984253; GSM3984255; GSM3984257,Cells_HEK293T,monosome,,single
Choudhary_2020,HS,GSE141013,https://www.ncbi.nlm.nih.gov/geo/query/acc.cgi?acc=GSE141013,32488114,pre-lysis,cycloheximide,GSM4192433; GSM4192434; GSM4192435; GSM4192436; GSM4192437; GSM4192438; GSM4192439; GSM4192440; GSM4192441,Cells_U343,monosome,,single
Choudhary_2020,HS,GSE141013,https://www.ncbi.nlm.nih.gov/geo/query/acc.cgi?acc=GSE141013,32488114,pre-lysis,cycloheximide,GSM4192425; GSM4192426; GSM4192427; GSM4192428; GSM4192429; GSM4192430; GSM4192431; GSM4192432,Cells_U251,monosome,,single
Luo_2018,DM,GSE106697,https://www.ncbi.nlm.nih.gov/geo/query/acc.cgi?acc=GSE106697,29548011,pre-lysis,cycloheximide,SRR5331969; SRR5331984; SRR6930620; SRR6930625; SRR6930629; SRR6930633; SRR6930618; SRR6930627; SRR6930616; SRR6930622; SRR6930636,Cells_S2,monosome,,single
Liu_2019,MM,GSE116083,https://www.ncbi.nlm.nih.gov/geo/query/acc.cgi?acc=GSE116083,31366581,pre-lysis,cycloheximide,GSM3208711; GSM3208713; GSM3208715; GSM3208717; GSM3208719,Tissue_Prostate,monosome,,single
Han_2020,HS,GSE136664,https://www.ncbi.nlm.nih.gov/geo/query/acc.cgi?acc=GSE136664,32064749,pre-lysis,cycloheximide,GSM4054749; GSM4054750; GSM4054751,Cells_HCT116,monosome,,single
Choi_2019,HS,GSE121391,https://www.ncbi.nlm.nih.gov/geo/query/acc.cgi?acc=GSE121391,30819820,pre-lysis,cycloheximide,GSM3434466; GSM3434468; GSM3434470; GSM3434472,Cells_U2OS,monosome,,single
Sehrawat_2019,MM,GSE116983,https://www.ncbi.nlm.nih.gov/geo/query/acc.cgi?acc=GSE116983,30420357,pre-lysis,harringtonine,GSM3266818; GSM3266819; GSM3266820; GSM3266821,Cells_MEF,monosome,,single
Schafer_2015,RN,ERP007231,https://www.ncbi.nlm.nih.gov/sra/?term=ERP007231,26007203,pre-lysis,cycloheximide,ERX609886; ERX609887; ERX609888; ERX609889; ERX609890; ERX609891; ERX609892; ERX609893; ERX609894; ERX609895; ERX609896; ERX609897; ERX609898; ERX609899; ERX609900; ERX609901; ERX609902; ERX609903; ERX609904; ERX609905,Tissue_Liver,monosome,,single
Schafer_2015,RN,ERP007231,https://www.ncbi.nlm.nih.gov/sra/?term=ERP007231,26007203,pre-lysis,cycloheximide,ERX609906; ERX609907; ERX609908; ERX609909; ERX609910; ERX609911; ERX609912; ERX609913; ERX609914; ERX609915; ERX609916; ERX609917; ERX609918; ERX609919; ERX609920; ERX609921; ERX609922; ERX609923; ERX609924; ERX609925,Tissue_Heart,monosome,,single
Su_2015,HS,GSE66810,https://www.ncbi.nlm.nih.gov/geo/query/acc.cgi?acc=GSE66810,26147685,pre-lysis,cycloheximide,GSM1632594; GSM1632595; GSM1632598; GSM1632599,Cells_Macrophages,monosome,,single
